start, end, func, sv, sh, vo, ho

0, 2*p, sin, 1, 1, pi/3, 3*pi/2
2*pi, 21.91422, sin, 2, .5, 2*pi/3.07, pi/2
21.91422, 26.40571, sin, 4, .5, 2*pi/3.07, pi/2+.54
26.40571, 31.69019, e, 1, -1, .1, 26.8
20*pi, 81.38495, sin, 3, 1/3, 3.1, 9
31.69019, 20*pi, sin, 1, 1/5, 5.1, 3*pi/2

